{
  "model_type": "HierarchicalClustering",
  "n_clusters": 4,
  "feature_cols": [
    "age",
    "bmi",
    "activity",
    "gender",
    "carb_pct",
    "protein_pct",
    "fat_pct"
  ],
  "scaler_mean": [
    22.547169811320753,
    20.977165341422417,
    1.7358490566037736,
    0.8113207547169812,
    0.5686973984548106,
    0.1607131729072559,
    0.2705894286379334
  ],
  "scaler_scale": [
    1.654793354662694,
    3.603219245240731,
    0.7044586680224327,
    0.3912536104401457,
    0.09127138426400902,
    0.04105315073582701,
    0.06374375803714184
  ]
}