{
  "0": {
    "cluster_id": 0,
    "cluster_name": "Optimal Balanced",
    "user_count": 27,
    "characteristics": {
      "avg_bmi": 20.49256943857751,
      "carb_pct": 0.5025198647926605,
      "protein_pct": 0.21387406682834686,
      "fat_pct": 0.28360606837899255,
      "rice_ratio": 0.1835653888595065,
      "food_diversity": 0.7623900240403508,
      "macro_balance_score": 0.9163976170780428
    },
    "risks": {
      "total_risk_score": 0,
      "risk_flags": []
    }
  },
  "1": {
    "cluster_id": 1,
    "cluster_name": "High-Protein Focused",
    "user_count": 7,
    "characteristics": {
      "avg_bmi": 24.899017170673115,
      "carb_pct": 0.29348344029515566,
      "protein_pct": 0.29071532847917264,
      "fat_pct": 0.41580123122567175,
      "rice_ratio": 0.16042972212808568,
      "food_diversity": 0.6645098230679832,
      "macro_balance_score": 0.8118868601101311
    },
    "risks": {
      "total_risk_score": 0,
      "risk_flags": []
    }
  },
  "2": {
    "cluster_id": 2,
    "cluster_name": "Typical Indonesian",
    "user_count": 15,
    "characteristics": {
      "avg_bmi": 20.549143063194148,
      "carb_pct": 0.7056169682303505,
      "protein_pct": 0.10999151152663848,
      "fat_pct": 0.184391520243011,
      "rice_ratio": 0.17856850459482038,
      "food_diversity": 0.7507878831694621,
      "macro_balance_score": 0.8905489352466702
    },
    "risks": {
      "total_risk_score": 1,
      "risk_flags": [
        "low_protein"
      ]
    }
  },
  "3": {
    "cluster_id": 3,
    "cluster_name": "At-Risk Monotonous",
    "user_count": 4,
    "characteristics": {
      "avg_bmi": 18.990030527792804,
      "carb_pct": 0.8676567895758356,
      "protein_pct": 0.09822848583125453,
      "fat_pct": 0.03411472459290985,
      "rice_ratio": 0.5856060606060606,
      "food_diversity": 0.39404761904761904,
      "macro_balance_score": 0.788228806949443
    },
    "risks": {
      "total_risk_score": 2,
      "risk_flags": [
        "extreme_carb",
        "low_protein"
      ]
    }
  }
}