{
  "centroids": [
    [
      -0.12590765052666364,
      0.05774257995016164,
      0.26981976083244036,
      0.29291786235536127,
      -0.31846545919956853,
      0.32438041492988495,
      0.2111965544563101,
      0.4897494874794101,
      -0.14268490922990515,
      0.269061145136247
    ],
    [
      0.9477126482776739,
      -0.13824085643240672,
      -0.436189718404544,
      -1.3433907189032908,
      -1.4776465759544137,
      1.2152287994302287,
      1.15923543452989,
      -1.1724985042199136,
      -0.4127670588436543,
      -0.329334328507473
    ],
    [
      -0.15182262325642354,
      0.4587548420868014,
      -0.3821123965906475,
      0.31185035833686636,
      0.8077800156668745,
      -0.8799674130485492,
      -0.5003215304446686,
      0.07862511417240092,
      -0.1304876508602519,
      0.19813088025380576
    ],
    [
      -0.2392856562193631,
      -1.8681715737323845,
      0.3749701088039059,
      -0.79570065658118,
      1.7063482987665362,
      -1.0163404008475625,
      -1.5780330138398941,
      -1.5487808362476505,
      2.174794181004201,
      -1.982818455733365
    ]
  ],
  "n_clusters": 4
}