{
  "mean": [
    0.8867924528301887,
    0.9056603773584906,
    1.7358490566037736,
    0.8113207547169812,
    0.5599490964759721,
    0.18589422113102205,
    0.25415668239300576,
    0.8856055271391677,
    0.6792452830188679,
    0.7183793987603352
  ],
  "scale": [
    0.5716700908506835,
    0.35096368373091086,
    0.7044586680224327,
    0.3912536104401457,
    0.1803311160577799,
    0.08625627321974011,
    0.1394406554680745,
    0.06287314377265076,
    0.6073010165823048,
    0.16357109183390106
  ],
  "feature_names": [
    "bmi_category",
    "age_group",
    "activity",
    "gender",
    "carb_pct",
    "protein_pct",
    "fat_pct",
    "macro_balance_score",
    "rice_dependency_level",
    "food_diversity_ratio"
  ]
}